Date,Sentiment
2016-03-21,0.768
2016-03-22,0.75
2016-03-23,0.798
2016-03-24,0.483
2016-03-25,0.568
2016-03-26,0.5
2016-03-27,0.484
2016-03-28,0.618
2016-03-29,0.673
2016-03-30,0.708
2016-03-31,0.71
2016-04-01,0.712
2016-04-02,0.9
2016-04-03,0.714
2016-04-04,0.583
2016-04-05,0.548
2016-04-06,0.783
2016-04-07,0.463
2016-04-08,0.6
2016-04-09,0.714
2016-04-10,0.722
2016-04-11,0.923
2016-04-12,0.65
2016-04-13,0.38
2016-04-14,0.614
2016-04-15,0.621
2016-04-16,0.895
2016-04-17,0.619
2016-04-18,0.652
2016-04-19,0.708
2016-04-20,0.604
2016-04-21,0.556
2016-04-22,0.546
2016-04-23,0.537
2016-04-24,0.492
2016-04-25,0.73
2016-04-26,0.601
2016-04-27,0.536
2016-04-28,0.644
2016-04-29,0.605
2016-04-30,0.673
2016-05-01,0.645
2016-05-02,0.794
2016-05-03,0.777
2016-05-04,0.605
2016-05-05,0.744
2016-05-06,0.697
2016-05-07,0.811
2016-05-08,0.688
2016-05-09,0.68
2016-05-10,0.78
2016-05-11,0.397
2016-05-12,0.591
2016-05-13,0.719
2016-05-14,0.85
2016-05-15,0.714
2016-05-16,0.706
2016-05-17,0.701
2016-05-18,0.662
2016-05-19,0.769
2016-05-20,0.705
2016-05-21,0.587
2016-05-22,0.488
2016-05-23,0.554
2016-05-24,0.775
2016-05-25,0.416
2016-05-26,0.524
2016-05-27,0.491
2016-05-28,0.593
2016-05-29,0.737
2016-05-30,0.68
2016-05-31,0.491
2016-06-01,0.581
2016-06-02,0.609
2016-06-03,0.708
2016-06-04,0.5
2016-06-05,0.667
2016-06-06,0.663
2016-06-07,0.796
2016-06-08,0.728
2016-06-09,0.764
2016-06-10,0.719
2016-06-11,0.565
2016-06-12,0.508
2016-06-13,0.725
2016-06-14,0.652
2016-06-15,0.653
2016-06-16,0.745
2016-06-17,0.741
2016-06-18,0.752
2016-06-19,0.774
2016-06-20,0.648
2016-06-21,0.706
2016-06-22,0.646
2016-06-23,0.73
2016-06-24,0.621
2016-06-25,0.784
2016-06-26,0.368
2016-06-27,0.673
2016-06-28,0.62
2016-06-29,0.715
2016-06-30,0.759
2016-07-01,0.736
2016-07-02,0.575
2016-07-03,0.459
2016-07-04,0.667
2016-07-05,0.701
2016-07-06,0.702
2016-07-07,0.83
2016-07-08,0.75
2016-07-09,0.702
2016-07-10,0.763
2016-07-11,0.756
2016-07-12,0.725
2016-07-13,0.736
2016-07-14,0.713
2016-07-15,0.755
2016-07-16,0.704
2016-07-17,0.649
2016-07-18,0.707
2016-07-19,0.759
2016-07-20,0.754
2016-07-21,0.719
2016-07-22,0.735
2016-07-23,0.687
2016-07-24,0.674
2016-07-25,0.667
2016-07-26,0.741
2016-07-27,0.752
2016-07-28,0.689
2016-07-29,0.573
2016-07-30,0.667
2016-07-31,0.75
2016-08-01,0.831
2016-08-02,0.65
2016-08-03,0.595
2016-08-04,0.734
2016-08-05,0.674
2016-08-06,0.644
2016-08-07,0.675
2016-08-08,0.731
2016-08-09,0.791
2016-08-10,0.643
2016-08-11,0.74
2016-08-12,0.801
2016-08-13,0.646
2016-08-14,0.697
2016-08-15,0.813
2016-08-16,0.732
2016-08-17,0.735
2016-08-18,0.677
2016-08-19,0.665
2016-08-20,0.589
2016-08-21,0.622
2016-08-22,0.756
2016-08-23,0.82
2016-08-24,0.781
2016-08-25,0.77
2016-08-26,0.73
2016-08-27,0.427
2016-08-28,0.742
2016-08-29,0.577
2016-08-30,0.607
2016-08-31,0.703
2016-09-01,0.624
2016-09-02,0.705
2016-09-03,0.623
2016-09-04,0.817
2016-09-05,0.691
2016-09-06,0.706
2016-09-07,0.738
2016-09-08,0.772
2016-09-09,0.723
2016-09-10,0.687
2016-09-11,0.583
2016-09-12,0.613
2016-09-13,0.601
2016-09-14,0.641
2016-09-15,0.639
2016-09-16,0.685
2016-09-17,0.738
2016-09-18,0.896
2016-09-19,0.613
2016-09-20,0.608
2016-09-21,0.698
2016-09-22,0.643
2016-09-23,0.672
2016-09-24,0.661
2016-09-25,0.812
2016-09-26,0.777
2016-09-27,0.763
2016-09-28,0.789
2016-09-29,0.777
2016-09-30,0.599
2016-10-01,0.588
2016-10-02,0.776
2016-10-03,0.59
2016-10-04,0.691
2016-10-05,0.66
2016-10-06,0.661
2016-10-07,0.686
2016-10-08,0.678
2016-10-09,0.767
2016-10-10,0.739
2016-10-11,0.658
2016-10-12,0.698
2016-10-13,0.755
2016-10-14,0.791
2016-10-15,0.595
2016-10-16,0.746
2016-10-17,0.752
2016-10-18,0.602
2016-10-19,0.691
2016-10-20,0.782
2016-10-21,0.818
2016-10-22,0.836
2016-10-23,0.75
2016-10-24,0.755
2016-10-25,0.731
2016-10-26,0.812
2016-10-27,0.794
2016-10-28,0.72
2016-10-29,0.746
2016-10-30,0.701
2016-10-31,0.701
2016-11-01,0.593
2016-11-02,0.54
2016-11-03,0.693
2016-11-04,0.784
2016-11-05,0.717
2016-11-06,0.667
2016-11-07,0.779
2016-11-08,0.827
2016-11-09,0.773
2016-11-10,0.675
2016-11-11,0.637
2016-11-12,0.707
2016-11-13,0.763
2016-11-14,0.606
2016-11-15,0.718
2016-11-16,0.789
2016-11-17,0.751
2016-11-18,0.799
2016-11-19,0.734
2016-11-20,0.824
2016-11-21,0.776
2016-11-22,0.815
2016-11-23,0.87
2016-11-24,0.736
2016-11-25,0.743
2016-11-26,0.714
2016-11-27,0.711
2016-11-28,0.8
2016-11-29,0.793
2016-11-30,0.81
2016-12-01,0.754
2016-12-02,0.758
2016-12-03,0.836
2016-12-04,0.783
2016-12-05,0.712
2016-12-06,0.584
2016-12-07,0.804
2016-12-08,0.896
2016-12-09,0.74
2016-12-10,0.73
2016-12-11,0.9
2016-12-12,0.816
2016-12-13,0.79
2016-12-14,0.772
2016-12-15,0.735
2016-12-16,0.75
2016-12-17,0.8
2016-12-18,0.625
2016-12-19,0.813
2016-12-20,0.787
2016-12-21,0.762
2016-12-22,0.781
2016-12-23,0.797
2016-12-24,0.6
2016-12-25,0.788
2016-12-26,0.819
2016-12-27,0.792
2016-12-28,0.763
2016-12-29,0.629
2016-12-30,0.747
2016-12-31,0.694
2017-01-01,0.851
2017-01-02,0.846
2017-01-03,0.82
2017-01-04,0.758
2017-01-05,0.697
2017-01-06,0.78
2017-01-07,0.659
2017-01-08,0.71
2017-01-09,0.744
2017-01-10,0.673
2017-01-11,0.74
2017-01-12,0.671
2017-01-13,0.689
2017-01-14,0.824
2017-01-15,0.811
2017-01-16,0.758
2017-01-17,0.798
2017-01-18,0.722
2017-01-19,0.758
2017-01-20,0.719
2017-01-21,0.75
2017-01-22,0.539
2017-01-23,0.695
2017-01-24,0.74
2017-01-25,0.781
2017-01-26,0.796
2017-01-27,0.806
2017-01-28,0.775
2017-01-29,0.682
2017-01-30,0.675
2017-01-31,0.657
2017-02-01,0.645
2017-02-02,0.706
2017-02-03,0.644
2017-02-04,0.736
2017-02-05,0.812
2017-02-06,0.524
2017-02-07,0.68
2017-02-08,0.725
2017-02-09,0.682
2017-02-10,0.707
2017-02-11,0.804
2017-02-12,0.75
2017-02-13,0.81
2017-02-14,0.775
2017-02-15,0.746
2017-02-16,0.712
2017-02-17,0.829
2017-02-18,0.75
2017-02-19,0.8
2017-02-20,0.845
2017-02-21,0.717
2017-02-22,0.636
2017-02-23,0.782
2017-02-24,0.725
2017-02-25,0.681
2017-02-26,0.765
2017-02-27,0.709
2017-02-28,0.766
2017-03-01,0.818
2017-03-02,0.734
2017-03-03,0.667
2017-03-04,0.718
2017-03-05,0.765
2017-03-06,0.717
2017-03-07,0.778
2017-03-08,0.754
2017-03-09,0.748
2017-03-10,0.667
2017-03-11,0.782
2017-03-12,0.794
2017-03-13,0.778
2017-03-14,0.789
2017-03-15,0.786
2017-03-16,0.626
2017-03-17,0.664
2017-03-18,0.6
2017-03-19,0.615
2017-03-20,0.679
2017-03-21,0.732
2017-03-22,0.688
2017-03-23,0.847
2017-03-24,0.804
2017-03-25,0.569
2017-03-26,0.747
2017-03-27,0.679
2017-03-28,0.596
2017-03-29,0.791
2017-03-30,0.685
2017-03-31,0.779
2017-04-01,0.75
2017-04-02,0.846
2017-04-03,0.752
2017-04-04,0.793
2017-04-05,0.748
2017-04-06,0.753
2017-04-07,0.814
2017-04-08,0.655
2017-04-09,0.619
2017-04-10,0.62
2017-04-11,0.713
2017-04-12,0.656
2017-04-13,0.773
2017-04-14,0.685
2017-04-15,0.561
2017-04-16,0.741
2017-04-17,0.657
2017-04-18,0.707
2017-04-19,0.653
2017-04-20,0.792
2017-04-21,0.793
2017-04-22,0.808
2017-04-23,0.714
2017-04-24,0.787
2017-04-25,0.741
2017-04-26,0.782
2017-04-27,0.713
2017-04-28,0.763
2017-04-29,0.707
2017-04-30,0.761
2017-05-01,0.798
2017-05-02,0.653
2017-05-03,0.668
2017-05-04,0.71
2017-05-05,0.776
2017-05-06,0.657
2017-05-07,0.713
2017-05-08,0.67
2017-05-09,0.648
2017-05-10,0.725
2017-05-11,0.741
2017-05-12,0.765
2017-05-13,0.687
2017-05-14,0.602
2017-05-15,0.402
2017-05-16,0.653
2017-05-17,0.578
2017-05-18,0.687
2017-05-19,0.678
2017-05-20,0.7
2017-05-21,0.704
2017-05-22,0.652
2017-05-23,0.67
2017-05-24,0.805
2017-05-25,0.77
2017-05-26,0.792
2017-05-27,0.652
2017-05-28,0.739
2017-05-29,0.72
2017-05-30,0.817
2017-05-31,0.708
2017-06-01,0.719
2017-06-02,0.66
2017-06-03,0.673
2017-06-04,0.706
2017-06-05,0.713
2017-06-06,0.615
2017-06-07,0.596
2017-06-08,0.712
2017-06-09,0.756
2017-06-10,0.623
2017-06-11,0.455
2017-06-12,0.697
2017-06-13,0.761
2017-06-14,0.7
2017-06-15,0.676
2017-06-16,0.796
2017-06-17,0.693
2017-06-18,0.75
2017-06-19,0.739
2017-06-20,0.762
2017-06-21,0.624
2017-06-22,0.754
2017-06-23,0.667
2017-06-24,0.634
2017-06-25,0.742
2017-06-26,0.615
2017-06-27,0.594
2017-06-28,0.735
2017-06-29,0.728
2017-06-30,0.725
2017-07-01,0.594
2017-07-02,0.787
2017-07-03,0.677
2017-07-04,0.629
2017-07-05,0.689
2017-07-06,0.446
2017-07-07,0.52
2017-07-08,0.654
2017-07-09,0.659
2017-07-10,0.733
2017-07-11,0.806
2017-07-12,0.746
2017-07-13,0.779
2017-07-14,0.794
2017-07-15,0.9
2017-07-16,0.633
2017-07-17,0.775
2017-07-18,0.794
2017-07-19,0.762
2017-07-20,0.742
2017-07-21,0.747
2017-07-22,0.759
2017-07-23,0.809
2017-07-24,0.694
2017-07-25,0.77
2017-07-26,0.838
2017-07-27,0.773
2017-07-28,0.776
2017-07-29,0.883
2017-07-30,0.844
2017-07-31,0.706
2017-08-01,0.782
2017-08-02,0.726
2017-08-03,0.784
2017-08-04,0.777
2017-08-05,0.836
2017-08-06,0.818
2017-08-07,0.689
2017-08-08,0.858
2017-08-09,0.73
2017-08-10,0.526
2017-08-11,0.71
2017-08-12,0.8
2017-08-13,0.66
2017-08-14,0.682
2017-08-15,0.703
2017-08-16,0.767
2017-08-17,0.736
2017-08-18,0.748
2017-08-19,0.7
2017-08-20,0.628
2017-08-21,0.75
2017-08-22,0.798
2017-08-23,0.805
2017-08-24,0.713
2017-08-25,0.713
2017-08-26,0.798
2017-08-27,0.75
2017-08-28,0.776
2017-08-29,0.798
2017-08-30,0.825
2017-08-31,0.792
2017-09-01,0.79
2017-09-02,0.806
2017-09-03,0.735
2017-09-04,0.714
2017-09-05,0.812
2017-09-06,0.817
2017-09-07,0.75
2017-09-08,0.816
2017-09-09,0.757
2017-09-10,0.672
2017-09-11,0.82
2017-09-12,0.742
2017-09-13,0.742
2017-09-14,0.827
2017-09-15,0.836
2017-09-16,0.92
2017-09-17,0.797
2017-09-18,0.797
2017-09-19,0.855
2017-09-20,0.683
2017-09-21,0.71
2017-09-22,0.74
2017-09-23,0.804
2017-09-24,0.879
2017-09-25,0.676
2017-09-26,0.803
2017-09-27,0.811
2017-09-28,0.928
2017-09-29,0.862
2017-09-30,0.75
2017-10-01,0.846
2017-10-02,0.872
2017-10-03,0.733
2017-10-04,0.739
2017-10-05,0.846
2017-10-06,0.882
2017-10-07,0.846
2017-10-08,0.857
2017-10-09,0.795
2017-10-10,0.783
2017-10-11,0.857
2017-10-12,0.8
2017-10-13,0.883
2017-10-14,0.738
2017-10-15,0.75
2017-10-16,0.694
2017-10-17,0.782
2017-10-18,0.864
2017-10-19,0.722
2017-10-20,0.912
2017-10-21,0.787
2017-10-22,0.694
2017-10-23,0.725
2017-10-24,0.649
2017-10-25,0.724
2017-10-26,0.825
2017-10-27,0.806
2017-10-28,0.78
2017-10-29,0.86
2017-10-30,0.785
2017-10-31,0.92
2017-11-01,0.795
2017-11-02,0.62
2017-11-03,0.882
2017-11-04,0.825
2017-11-05,0.714
2017-11-06,0.8
2017-11-07,0.865
2017-11-08,0.75
2017-11-09,0.836
2017-11-10,0.783
2017-11-11,0.702
2017-11-12,0.771
2017-11-13,0.839
2017-11-14,0.93
2017-11-15,0.817
2017-11-16,0.889
2017-11-17,0.768
2017-11-18,0.939
2017-11-19,0.714
2017-11-20,0.933
2017-11-21,0.806
2017-11-22,0.557
2017-11-23,0.875
2017-11-24,0.66
2017-11-25,0.743
2017-11-26,0.735
2017-11-27,0.676
2017-11-28,0.731
2017-11-29,0.753
2017-11-30,0.817
2017-12-01,0.804
2017-12-02,0.681
2017-12-03,0.75
2017-12-04,0.807
2017-12-05,0.815
2017-12-06,0.846
2017-12-07,0.77
2017-12-08,0.73
2017-12-09,0.707
2017-12-10,0.85
2017-12-11,0.735
2017-12-12,0.819
2017-12-13,0.859
2017-12-14,0.831
2017-12-15,0.799
2017-12-16,0.69
2017-12-17,0.893
2017-12-18,0.84
2017-12-19,0.691
2017-12-20,0.831
2017-12-21,0.724
2017-12-22,0.765
2017-12-23,0.875
2017-12-24,0.81
2017-12-25,0.86
2017-12-26,0.783
2017-12-27,0.842
2017-12-28,0.697
2017-12-29,0.913
2017-12-30,0.825
2017-12-31,0.881
2018-01-01,0.838
2018-01-02,0.929
2018-01-03,0.727
2018-01-04,0.782
2018-01-05,0.765
2018-01-06,0.846
2018-01-07,0.725
2018-01-08,0.788
2018-01-09,0.657
2018-01-10,0.759
2018-01-11,0.862
2018-01-12,0.75
2018-01-13,0.896
2018-01-14,0.75
2018-01-15,0.776
2018-01-16,0.859
2018-01-17,0.753
2018-01-18,0.808
2018-01-19,0.79
2018-01-20,0.773
2018-01-21,0.81
2018-01-22,0.845
2018-01-23,0.754
2018-01-24,0.8
2018-01-25,0.83
2018-01-26,0.761
2018-01-27,0.747
2018-01-28,0.838
2018-01-29,0.747
2018-01-30,0.8
2018-01-31,0.75
2018-02-01,0.784
2018-02-02,0.828
2018-02-03,0.769
2018-02-04,0.825
2018-02-05,0.752
2018-02-06,0.791
2018-02-07,0.664
2018-02-08,0.733
2018-02-09,0.798
2018-02-10,0.675
2018-02-11,0.805
2018-02-12,0.747
2018-02-13,0.826
2018-02-14,0.788
2018-02-15,0.869
2018-02-16,0.833
2018-02-17,0.833
2018-02-18,0.882
2018-02-19,0.814
2018-02-20,0.767
2018-02-21,0.791
2018-02-22,0.769
2018-02-23,0.878
2018-02-24,0.795
2018-02-25,0.872
2018-02-26,0.83
2018-02-27,0.902
2018-02-28,0.863
2018-03-01,0.75
2018-03-02,0.757
2018-03-03,0.903
2018-03-04,0.909
2018-03-05,0.85
2018-03-06,0.787
2018-03-07,0.798
2018-03-08,0.733
2018-03-09,0.802
2018-03-10,0.696
2018-03-11,0.848
2018-03-12,0.756
2018-03-13,0.507
2018-03-14,0.766
2018-03-15,0.803
2018-03-16,0.795
2018-03-17,0.769
2018-03-18,0.889
2018-03-19,0.782
2018-03-20,0.89
2018-03-21,0.789
2018-03-22,0.84
2018-03-23,0.841
2018-03-24,0.694
2018-03-25,0.786
2018-03-26,0.765
2018-03-27,0.767
2018-03-28,0.812
2018-03-29,0.762
2018-03-30,0.81
2018-03-31,0.848
2018-04-01,0.856
2018-04-02,0.782
2018-04-03,0.676
2018-04-04,0.797
2018-04-05,0.786
2018-04-06,0.734
2018-04-07,0.762
2018-04-08,0.58
2018-04-09,0.793
2018-04-10,0.845
2018-04-11,0.851
2018-04-12,0.831
2018-04-13,0.719
2018-04-14,0.793
2018-04-15,0.816
2018-04-16,0.805
2018-04-17,0.779
2018-04-18,0.808
2018-04-19,0.729
2018-04-20,0.69
2018-04-21,0.711
2018-04-22,0.926
2018-04-23,0.822
2018-04-24,0.776
2018-04-25,0.778
2018-04-26,0.8
2018-04-27,0.81
2018-04-28,0.8
2018-04-29,0.857
2018-04-30,0.721
2018-05-01,0.728
2018-05-02,0.768
2018-05-03,0.698
2018-05-04,0.757
2018-05-05,0.842
2018-05-06,0.773
2018-05-07,0.861
2018-05-08,0.838
2018-05-09,0.838
2018-05-10,0.79
2018-05-11,0.803
2018-05-12,0.84
2018-05-13,0.849
2018-05-14,0.764
2018-05-15,0.794
2018-05-16,0.775
2018-05-17,0.744
2018-05-18,0.763
2018-05-19,0.846
2018-05-20,0.814
2018-05-21,0.781
2018-05-22,0.711
2018-05-23,0.863
2018-05-24,0.825
2018-05-25,0.8
2018-05-26,0.778
2018-05-27,0.873
2018-05-28,0.714
2018-05-29,0.838
2018-05-30,0.725
2018-05-31,0.731
2018-06-01,0.775
2018-06-02,0.819
2018-06-03,0.869
2018-06-04,0.756
2018-06-05,0.738
2018-06-06,0.762
2018-06-07,0.706
2018-06-08,0.842
2018-06-09,0.821
2018-06-10,0.879
2018-06-11,0.68
2018-06-12,0.829
2018-06-13,0.854
2018-06-14,0.786
2018-06-15,0.78
2018-06-16,0.807
2018-06-17,0.889
2018-06-18,0.742
2018-06-19,0.742
2018-06-20,0.821
2018-06-21,0.652
2018-06-22,0.625
2018-06-23,0.817
2018-06-24,0.811
2018-06-25,0.661
2018-06-26,0.762
2018-06-27,0.733
2018-06-28,0.884
2018-06-29,0.818
2018-06-30,0.682
2018-07-01,0.918
2018-07-02,0.783
2018-07-03,0.788
2018-07-04,0.743
2018-07-05,0.883
2018-07-06,0.729
2018-07-07,0.88
2018-07-08,0.957
2018-07-09,0.836
2018-07-10,0.861
2018-07-11,0.779
2018-07-12,0.765
2018-07-13,0.736
2018-07-14,0.885
2018-07-15,0.9
2018-07-16,0.753
2018-07-17,0.788
2018-07-18,0.732
2018-07-19,0.748
2018-07-20,0.81
2018-07-21,0.783
2018-07-22,0.829
2018-07-23,0.858
2018-07-24,0.78
2018-07-25,0.829
2018-07-26,0.736
2018-07-27,0.839
2018-07-28,0.842
2018-07-29,0.714
2018-07-30,0.699
2018-07-31,0.832
2018-08-01,0.817
2018-08-02,0.816
2018-08-03,0.756
2018-08-04,0.919
2018-08-05,0.771
2018-08-06,0.769
2018-08-07,0.697
2018-08-08,0.793
2018-08-09,0.79
2018-08-10,0.824
2018-08-11,0.844
2018-08-12,0.811
2018-08-13,0.708
2018-08-14,0.74
2018-08-15,0.757
2018-08-16,0.608
2018-08-17,0.714
2018-08-18,0.719
2018-08-19,0.509
2018-08-20,0.643
2018-08-21,0.61
2018-08-22,0.777
2018-08-23,0.747
2018-08-24,0.81
2018-08-25,0.667
2018-08-26,0.738
2018-08-27,0.752
2018-08-28,0.72
2018-08-29,0.85
2018-08-30,0.687
2018-08-31,0.695
2018-09-01,0.731
2018-09-02,0.806
2018-09-03,0.843
2018-09-04,0.862
2018-09-05,0.655
2018-09-06,0.743
2018-09-07,0.776
2018-09-08,0.84
2018-09-09,0.837
2018-09-10,0.76
2018-09-11,0.825
2018-09-12,0.743
2018-09-13,0.818
2018-09-14,0.79
2018-09-15,0.758
2018-09-16,0.902
2018-09-17,0.761
2018-09-18,0.8
2018-09-19,0.776
2018-09-20,0.819
2018-09-21,0.748
2018-09-22,0.73
2018-09-23,0.821
2018-09-24,0.804
2018-09-25,0.707
2018-09-26,0.821
2018-09-27,0.731
2018-09-28,0.739
2018-09-29,0.85
2018-09-30,0.857
2018-10-01,0.877
2018-10-02,0.824
2018-10-03,0.827
2018-10-04,0.71
2018-10-05,0.824
2018-10-06,0.828
2018-10-07,0.789
2018-10-08,0.635
2018-10-09,0.788
2018-10-10,0.787
2018-10-11,0.713
2018-10-12,0.717
2018-10-13,0.861
2018-10-14,0.821
2018-10-15,0.633
2018-10-16,0.746
2018-10-17,0.712
2018-10-18,0.702
2018-10-19,0.74
2018-10-20,0.789
2018-10-21,0.829
2018-10-22,0.734
2018-10-23,0.667
2018-10-24,0.734
2018-10-25,0.722
2018-10-26,0.804
2018-10-27,0.766
2018-10-28,0.776
2018-10-29,0.691
2018-10-30,0.729
2018-10-31,0.878
2018-11-01,0.752
2018-11-02,0.79
2018-11-03,0.808
2018-11-04,0.731
2018-11-05,0.75
2018-11-06,0.887
2018-11-07,0.84
2018-11-08,0.811
2018-11-09,0.773
2018-11-10,0.846
2018-11-11,0.885
2018-11-12,0.857
2018-11-13,0.771
2018-11-14,0.773
2018-11-15,0.729
2018-11-16,0.807
2018-11-17,0.912
2018-11-18,0.794
2018-11-19,0.691
2018-11-20,0.761
2018-11-21,0.71
2018-11-22,0.967
2018-11-23,0.74
2018-11-24,0.849
2018-11-25,0.853
2018-11-26,0.792
2018-11-27,0.815
2018-11-28,0.841
2018-11-29,0.783
2018-11-30,0.879
2018-12-01,0.882
2018-12-02,0.746
2018-12-03,0.841
2018-12-04,0.809
2018-12-05,0.642
2018-12-06,0.7
2018-12-07,0.784
2018-12-08,0.667
2018-12-09,0.8
2018-12-10,0.819
2018-12-11,0.867
2018-12-12,0.841
2018-12-13,0.782
2018-12-14,0.699
2018-12-15,0.857
2018-12-16,0.78
2018-12-17,0.717
2018-12-18,0.851
2018-12-19,0.806
2018-12-20,0.674
2018-12-21,0.711
2018-12-22,0.714
2018-12-23,0.71
2018-12-24,0.68
2018-12-25,0.875
2018-12-26,0.75
2018-12-27,0.707
2018-12-28,0.741
2018-12-29,0.9
2018-12-30,0.556
2018-12-31,0.742
2019-01-01,0.902
2019-01-02,0.739
2019-01-03,0.677
2019-01-04,0.702
2019-01-05,0.792
2019-01-06,0.667
2019-01-07,0.78
2019-01-08,0.712
2019-01-09,0.855
2019-01-10,0.847
2019-01-11,0.76
2019-01-12,0.95
2019-01-13,0.794
2019-01-14,0.695
2019-01-15,0.839
2019-01-16,0.713
2019-01-17,0.76
2019-01-18,0.829
2019-01-19,0.93
2019-01-20,0.8
2019-01-21,0.857
2019-01-22,0.806
2019-01-23,0.8
2019-01-24,0.616
2019-01-25,0.69
2019-01-26,0.761
2019-01-27,0.882
2019-01-28,0.698
2019-01-29,0.686
2019-01-30,0.752
2019-01-31,0.744
2019-02-01,0.696
2019-02-02,0.8
2019-02-03,0.818
2019-02-04,0.817
2019-02-05,0.759
2019-02-06,0.761
2019-02-07,0.708
2019-02-08,0.747
2019-02-09,0.785
2019-02-10,0.781
2019-02-11,0.762
2019-02-12,0.843
2019-02-13,0.743
2019-02-14,0.726
2019-02-15,0.808
2019-02-16,0.806
2019-02-17,0.83
2019-02-18,0.84
2019-02-19,0.865
2019-02-20,0.75
2019-02-21,0.827
2019-02-22,0.772
2019-02-23,0.723
2019-02-24,0.736
2019-02-25,0.841
2019-02-26,0.807
2019-02-27,0.844
2019-02-28,0.817
2019-03-01,0.808
2019-03-02,0.872
2019-03-03,0.913
2019-03-04,0.812
2019-03-05,0.907
2019-03-06,0.848
2019-03-07,0.848
2019-03-08,0.792
2019-03-09,0.774
2019-03-10,0.885
2019-03-11,0.817
2019-03-12,0.73
2019-03-13,0.835
2019-03-14,0.836
2019-03-15,0.784
2019-03-16,0.75
2019-03-17,0.81
2019-03-18,0.811
2019-03-19,0.803
2019-03-20,0.891
2019-03-21,0.752
2019-03-22,0.714
2019-03-23,0.846
2019-03-24,0.791
2019-03-25,0.889
2019-03-26,0.797
2019-03-27,0.8
2019-03-28,0.855
2019-03-29,0.867
2019-03-30,0.724
2019-03-31,0.821
2019-04-01,0.789
2019-04-02,0.794
2019-04-03,0.882
2019-04-04,0.787
2019-04-05,0.837
2019-04-06,0.71
2019-04-07,0.75
2019-04-08,0.822
2019-04-09,0.77
2019-04-10,0.81
2019-04-11,0.865
2019-04-12,0.787
2019-04-13,0.81
2019-04-14,0.796
2019-04-15,0.788
2019-04-16,0.743
2019-04-17,0.836
2019-04-18,0.75
2019-04-19,0.724
2019-04-20,0.8
2019-04-21,0.85
2019-04-22,0.742
2019-04-23,0.79
2019-04-24,0.806
2019-04-25,0.784
2019-04-26,0.804
2019-04-27,0.837
2019-04-28,0.854
2019-04-29,0.825
2019-04-30,0.799
2019-05-01,0.776
2019-05-02,0.791
2019-05-03,0.837
2019-05-04,0.837
2019-05-05,0.812
2019-05-06,0.731
2019-05-07,0.741
2019-05-08,0.765
2019-05-09,0.778
2019-05-10,0.755
2019-05-11,0.775
2019-05-12,0.722
2019-05-13,0.719
2019-05-14,0.789
2019-05-15,0.734
2019-05-16,0.799
2019-05-17,0.718
2019-05-18,0.839
2019-05-19,0.87
2019-05-20,0.709
2019-05-21,0.841
2019-05-22,0.736
2019-05-23,0.685
2019-05-24,0.785
2019-05-25,0.8
2019-05-26,0.773
2019-05-27,0.848
2019-05-28,0.812
2019-05-29,0.729
2019-05-30,0.812
2019-05-31,0.812
2019-06-01,0.697
2019-06-02,0.694
2019-06-03,0.66
2019-06-04,0.766
2019-06-05,0.855
2019-06-06,0.806
2019-06-07,0.821
2019-06-08,0.815
2019-06-09,0.784
2019-06-10,0.764
2019-06-11,0.773
2019-06-12,0.849
2019-06-13,0.859
2019-06-14,0.887
2019-06-15,0.8
2019-06-16,0.818
2019-06-17,0.782
2019-06-18,0.75
2019-06-19,0.813
2019-06-20,0.787
2019-06-21,0.788
2019-06-22,0.827
2019-06-23,0.868
2019-06-24,0.775
2019-06-25,0.715
2019-06-26,0.757
2019-06-27,0.67
2019-06-28,0.825
2019-06-29,0.609
2019-06-30,0.738
2019-07-01,0.804
2019-07-02,0.773
2019-07-03,0.777
2019-07-04,0.731
2019-07-05,0.8
2019-07-06,0.87
2019-07-07,0.943
2019-07-08,0.765
2019-07-09,0.838
2019-07-10,0.827
2019-07-11,0.733
2019-07-12,0.85
2019-07-13,0.765
2019-07-14,0.773
2019-07-15,0.746
2019-07-16,0.742
2019-07-17,0.741
2019-07-18,0.768
2019-07-19,0.735
2019-07-20,0.735
2019-07-21,0.88
2019-07-22,0.79
2019-07-23,0.85
2019-07-24,0.81
2019-07-25,0.764
2019-07-26,0.819
2019-07-27,0.775
2019-07-28,0.862
2019-07-29,0.692
2019-07-30,0.833
2019-07-31,0.746
2019-08-01,0.772
2019-08-02,0.677
2019-08-03,0.786
2019-08-04,0.72
2019-08-05,0.756
2019-08-06,0.755
2019-08-07,0.804
2019-08-08,0.78
2019-08-09,0.818
2019-08-10,0.565
2019-08-11,0.71
2019-08-12,0.788
2019-08-13,0.761
2019-08-14,0.763
2019-08-15,0.796
2019-08-16,0.733
2019-08-17,0.75
2019-08-18,0.771
2019-08-19,0.847
2019-08-20,0.741
2019-08-21,0.83
2019-08-22,0.611
2019-08-23,0.72
2019-08-24,0.737
2019-08-25,0.619
2019-08-26,0.743
2019-08-27,0.779
2019-08-28,0.757
2019-08-29,0.825
2019-08-30,0.827
2019-08-31,0.864
2019-09-01,0.75
2019-09-02,0.8
2019-09-03,0.792
2019-09-04,0.806
2019-09-05,0.77
2019-09-06,0.853
2019-09-07,0.675
2019-09-08,0.667
2019-09-09,0.694
2019-09-10,0.735
2019-09-11,0.716
2019-09-12,0.818
2019-09-13,0.792
2019-09-14,0.833
2019-09-15,0.774
2019-09-16,0.803
2019-09-17,0.731
2019-09-18,0.812
2019-09-19,0.783
2019-09-20,0.753
2019-09-21,0.812
2019-09-22,0.68
2019-09-23,0.8
2019-09-24,0.789
2019-09-25,0.804
2019-09-26,0.8
2019-09-27,0.71
2019-09-28,0.679
2019-09-29,0.862
2019-09-30,0.743
2019-10-01,0.71
2019-10-02,0.667
2019-10-03,0.746
2019-10-04,0.805
2019-10-05,0.703
2019-10-06,0.652
2019-10-07,0.758
2019-10-08,0.749
2019-10-09,0.724
2019-10-10,0.752
2019-10-11,0.758
2019-10-12,0.933
2019-10-13,0.667
2019-10-14,0.795
2019-10-15,0.788
2019-10-16,0.711
2019-10-17,0.731
2019-10-18,0.75
2019-10-19,0.667
2019-10-20,0.744
2019-10-21,0.699
2019-10-22,0.632
2019-10-23,0.742
2019-10-24,0.762
2019-10-25,0.764
2019-10-26,0.791
2019-10-27,0.831
2019-10-28,0.776
2019-10-29,0.723
2019-10-30,0.829
2019-10-31,0.804
2019-11-01,0.703
2019-11-02,0.68
2019-11-03,0.727
2019-11-04,0.719
2019-11-05,0.767
2019-11-06,0.821
2019-11-07,0.73
2019-11-08,0.732
2019-11-09,0.843
2019-11-10,0.822
2019-11-11,0.787
2019-11-12,0.816
2019-11-13,0.712
2019-11-14,0.711
2019-11-15,0.715
2019-11-16,0.769
2019-11-17,0.865
2019-11-18,0.77
2019-11-19,0.792
2019-11-20,0.783
2019-11-21,0.804
2019-11-22,0.817
2019-11-23,0.712
2019-11-24,0.783
2019-11-25,0.77
2019-11-26,0.805
2019-11-27,0.8
2019-11-28,0.841
2019-11-29,0.774
2019-11-30,0.72
2019-12-01,0.762
2019-12-02,0.756
2019-12-03,0.783
2019-12-04,0.732
2019-12-05,0.752
2019-12-06,0.783
2019-12-07,0.878
2019-12-08,0.657
2019-12-09,0.709
2019-12-10,0.716
2019-12-11,0.692
2019-12-12,0.775
2019-12-13,0.76
2019-12-14,0.795
2019-12-15,0.8
2019-12-16,0.747
2019-12-17,0.853
2019-12-18,0.718
2019-12-19,0.699
2019-12-20,0.809
2019-12-21,0.868
2019-12-22,0.745
2019-12-23,0.678
2019-12-24,0.827
2019-12-25,0.81
2019-12-26,0.771
2019-12-27,0.818
2019-12-28,0.846
2019-12-29,0.889
2019-12-30,0.81
2019-12-31,0.784
